,ID,Word,Modified,In W2V/S2v,Replacement Words from Snafu,Replacement Words not in s2v/w2v,Num Replacements
0,CAF-657,lizard,lizard,yes,N/A,N/A,0
1,CAF-657,cat,cat,yes,N/A,N/A,0
2,CAF-657,hawk,hawk,yes,N/A,N/A,0
3,CAF-657,dog,dog,yes,N/A,N/A,0
4,CAF-657,turtle,turtle,yes,N/A,N/A,0
5,CAF-657,jellyfish,jellyfish,yes,N/A,N/A,0
6,CAF-657,bear,bear,yes,N/A,N/A,0
7,CAF-657,ant,ant,yes,N/A,N/A,0
8,CAF-657,mosquito,mosquito,yes,N/A,N/A,0
9,CAF-657,frog,frog,yes,N/A,N/A,0
10,CAF-657,tadpole,tadpole,yes,N/A,N/A,0
11,CAF-657,fish,fish,yes,N/A,N/A,0
12,CAF-657,shark,shark,yes,N/A,N/A,0
13,CAF-657,dolphin,dolphin,yes,N/A,N/A,0
14,CAF-657,gorilla,gorilla,yes,N/A,N/A,0
15,CAF-657,monkey,monkey,yes,N/A,N/A,0
16,CAF-657,fly,fly,yes,N/A,N/A,0
17,CAF-657,eagle,eagle,yes,N/A,N/A,0
18,CAF-657,toad,toad,yes,N/A,N/A,0
19,CAF-657,rat,rat,yes,N/A,N/A,0
20,CAF-657,mouse,mouse,yes,N/A,N/A,0
21,CAF-657,gerbil,gerbil,no,"['Pets', 'Rodents']","['pets', 'rodents']",2
22,CAF-657,groundhog,groundhog,no,"['Rodents', 'Weasels']","['rodents', 'weasels']",2
23,CAF-657,fox,fox,yes,N/A,N/A,0
24,CAF-657,raccoon,raccoon,no,['NorthAmerican'],['american'],1
25,CAF-657,deer,deer,yes,N/A,N/A,0
26,CAF-657,squirrel,squirrel,yes,N/A,N/A,0
27,CAF-657,rabbit,rabbit,yes,N/A,N/A,0
28,CAF-657,bluejay,bluejay,no,['Bird'],['bird'],1
29,CAJ-663,peacock,peacock,yes,N/A,N/A,0
30,CAJ-663,giraffe,giraffe,no,['African'],['african'],1
31,CAJ-663,elephant,elephant,yes,N/A,N/A,0
32,CAJ-663,zebra,zebra,yes,N/A,N/A,0
33,CAJ-663,horse,horse,yes,N/A,N/A,0
34,CAJ-663,cat,cat,yes,N/A,N/A,0
35,CAJ-663,dog,dog,yes,N/A,N/A,0
36,CAJ-663,iguana,iguana,no,['ReptileAmphibian'],"['reptile', 'amphibious']",2
37,CAJ-663,turtle,turtle,yes,N/A,N/A,0
38,CAJ-663,dolphin,dolphin,yes,N/A,N/A,0
39,CAJ-663,penguin,penguin,yes,N/A,N/A,0
40,CAJ-663,buffalo,buffalo,yes,N/A,N/A,0
41,CAJ-663,kangaroo,kangaroo,yes,N/A,N/A,0
42,CAJ-663,goose,goose,yes,N/A,N/A,0
43,CAJ-663,duck,duck,yes,N/A,N/A,0
44,CAJ-663,swan,swan,yes,N/A,N/A,0
45,CAJ-663,monkey,monkey,yes,N/A,N/A,0
46,CAJ-663,chimp,chimpanzee,no,"['African', 'Primates']","['african', 'primate']",2
47,CAJ-663,lion,lion,yes,N/A,N/A,0
48,CAJ-663,tiger,tiger,yes,N/A,N/A,0
49,CAM-666,cat,cat,yes,N/A,N/A,0
50,CAM-666,dog,dog,yes,N/A,N/A,0
51,CAM-666,iguana,iguana,no,['ReptileAmphibian'],"['reptile', 'amphibious']",2
52,CAM-666,wombat,wombat,no,['Australian'],['australian'],1
53,CAM-666,goat,goat,yes,N/A,N/A,0
54,CAM-666,platypus,platypus,no,"['Australian', 'Water']","['australian', 'water']",2
55,CAM-666,bear,bear,yes,N/A,N/A,0
56,CAM-666,firefly,firefly,yes,N/A,N/A,0
57,CAM-666,fly,fly,yes,N/A,N/A,0
58,CAM-666,ant,ant,yes,N/A,N/A,0
59,CAM-666,bird,bird,yes,N/A,N/A,0
60,CAM-666,eagle,eagle,yes,N/A,N/A,0
61,CAM-666,moose,moose,yes,N/A,N/A,0
62,CAM-666,deer,deer,yes,N/A,N/A,0
63,CAM-666,mouse,mouse,yes,N/A,N/A,0
64,CAM-666,duck,duck,yes,N/A,N/A,0
65,CAM-666,crow,crow,yes,N/A,N/A,0
66,CAM-666,frog,frog,yes,N/A,N/A,0
67,CAM-666,tadpole,tadpole,yes,N/A,N/A,0
68,CAM-666,caterpillar,caterpillar,yes,N/A,N/A,0
69,CAM-666,butterfly,butterfly,yes,N/A,N/A,0
70,CAM-666,moth,moth,yes,N/A,N/A,0
71,CAM-666,gorilla,gorilla,yes,N/A,N/A,0
72,CAM-666,monkey,monkey,yes,N/A,N/A,0
73,CAM-666,horse,horse,yes,N/A,N/A,0
74,CAN-667,cat,cat,yes,N/A,N/A,0
75,CAN-667,lion,lion,yes,N/A,N/A,0
76,CAN-667,tiger,tiger,yes,N/A,N/A,0
77,CAN-667,dog,dog,yes,N/A,N/A,0
78,CAN-667,hamster,hamster,no,"['Pets', 'Rodents']","['pets', 'rodents']",2
79,CAN-667,gerbil,gerbil,no,"['Pets', 'Rodents']","['pets', 'rodents']",2
80,CAN-667,sheep,sheep,yes,N/A,N/A,0
81,CAN-667,horse,horse,yes,N/A,N/A,0
82,CAN-667,pig,pig,yes,N/A,N/A,0
83,CAN-667,goat,goat,yes,N/A,N/A,0
84,CAN-667,pony,pony,yes,N/A,N/A,0
85,CAN-667,peacock,peacock,yes,N/A,N/A,0
86,CAN-667,bird,bird,yes,N/A,N/A,0
87,CAN-667,lion,lion,yes,N/A,N/A,0
88,CAN-667,lamb,lamb,yes,N/A,N/A,0
89,CAN-667,elephant,elephant,yes,N/A,N/A,0
90,CAN-667,chicken,chicken,yes,N/A,N/A,0
91,CAN-667,rooster,rooster,yes,N/A,N/A,0
92,CAP-671,giraffe,giraffe,no,['African'],['african'],1
93,CAP-671,elephant,elephant,yes,N/A,N/A,0
94,CAP-671,lion,lion,yes,N/A,N/A,0
95,CAP-671,hippo,hippopotamus,yes,N/A,N/A,0
96,CAP-671,bat,bat,yes,N/A,N/A,0
97,CAP-671,fish,fish,yes,N/A,N/A,0
98,CAP-671,shark,shark,yes,N/A,N/A,0
99,CAP-671,turtle,turtle,yes,N/A,N/A,0
100,CAP-671,snake,snake,yes,N/A,N/A,0
101,CAP-671,dolphin,dolphin,yes,N/A,N/A,0
102,CAP-671,whale,whale,yes,N/A,N/A,0
103,CAP-671,chicken,chicken,yes,N/A,N/A,0
104,CAP-671,cow,cow,yes,N/A,N/A,0
105,CAP-671,horse,horse,yes,N/A,N/A,0
106,CAP-671,butterfly,butterfly,yes,N/A,N/A,0
107,CAP-671,bear,bear,yes,N/A,N/A,0
108,CAP-671,deer,deer,yes,N/A,N/A,0
109,CAP-671,tiger,tiger,yes,N/A,N/A,0
110,CAP-671,flamingo,flamingo,no,['Bird'],['bird'],1
111,CAQ-672,alligator,alligator,yes,N/A,N/A,0
112,CAQ-672,octopus,octopus,no,['Water'],['water'],1
113,CAQ-672,ostrich,ostrich,yes,N/A,N/A,0
114,CAQ-672,peacock,peacock,yes,N/A,N/A,0
115,CAQ-672,bear,bear,yes,N/A,N/A,0
116,CAQ-672,tiger,tiger,yes,N/A,N/A,0
117,CAQ-672,lion,lion,yes,N/A,N/A,0
118,CAQ-672,gorilla,gorilla,yes,N/A,N/A,0
119,CAQ-672,monkey,monkey,yes,N/A,N/A,0
120,CAQ-672,dog,dog,yes,N/A,N/A,0
121,CAQ-672,cat,cat,yes,N/A,N/A,0
122,CAQ-672,hyena,hyena,yes,N/A,N/A,0
123,CAQ-672,snake,snake,yes,N/A,N/A,0
124,CAQ-672,fish,fish,yes,N/A,N/A,0
125,CAQ-672,bird,bird,yes,N/A,N/A,0
126,CAQ-672,rabbit,rabbit,yes,N/A,N/A,0
127,CAQ-672,dolphin,dolphin,yes,N/A,N/A,0
128,CAQ-672,squirrel,squirrel,yes,N/A,N/A,0
129,CAQ-672,guinea,guinea,yes,N/A,N/A,0
130,CAQ-672,mouse,mouse,yes,N/A,N/A,0
131,CAQ-672,lizard,lizard,yes,N/A,N/A,0
132,CAQ-672,iguana,iguana,no,['ReptileAmphibian'],"['reptile', 'amphibious']",2
133,CAQ-672,crocodile,crocodile,yes,N/A,N/A,0
134,CAR-673,elephant,elephant,yes,N/A,N/A,0
135,CAR-673,giraffe,giraffe,no,['African'],['african'],1
136,CAR-673,tiger,tiger,yes,N/A,N/A,0
137,CAR-673,lion,lion,yes,N/A,N/A,0
138,CAR-673,cheetah,cheetah,no,"['African', 'Feline']","['african', 'feline']",2
139,CAR-673,dog,dog,yes,N/A,N/A,0
140,CAR-673,cat,cat,yes,N/A,N/A,0
141,CAR-673,mouse,mouse,yes,N/A,N/A,0
142,CAR-673,rat,rat,yes,N/A,N/A,0
143,CAR-673,ostrich,ostrich,yes,N/A,N/A,0
144,CAR-673,parakeet,parakeet,yes,N/A,N/A,0
145,CAR-673,fish,fish,yes,N/A,N/A,0
146,CAR-673,gerbil,gerbil,no,"['Pets', 'Rodents']","['pets', 'rodents']",2
147,CAR-673,hamster,hamster,no,"['Pets', 'Rodents']","['pets', 'rodents']",2
148,CAR-673,guinea,guinea,yes,N/A,N/A,0
149,CAR-673,capybara,capybara,no,['Rodents'],['rodents'],1
150,CAR-673,zebra,zebra,yes,N/A,N/A,0
151,CAR-673,horse,horse,yes,N/A,N/A,0
152,CAR-673,tiger,tiger,yes,N/A,N/A,0
153,CAR-673,emu,emu,no,"['Australian', 'Bird']","['australian', 'bird']",2
154,CAR-673,elk,elk,yes,N/A,N/A,0
155,CAR-673,deer,deer,yes,N/A,N/A,0
156,CAR-673,antelope,antelope,yes,N/A,N/A,0
157,CAS-674,cat,cat,yes,N/A,N/A,0
158,CAS-674,dog,dog,yes,N/A,N/A,0
159,CAS-674,fish,fish,yes,N/A,N/A,0
160,CAS-674,shark,shark,yes,N/A,N/A,0
161,CAS-674,dolphin,dolphin,yes,N/A,N/A,0
162,CAS-674,shrimp,shrimp,yes,N/A,N/A,0
163,CAS-674,crab,crab,yes,N/A,N/A,0
164,CAS-674,lobster,lobster,yes,N/A,N/A,0
165,CAS-674,iguana,iguana,no,['ReptileAmphibian'],"['reptile', 'amphibious']",2
166,CAS-674,bear,bear,yes,N/A,N/A,0
167,CAS-674,lion,lion,yes,N/A,N/A,0
168,CAS-674,tiger,tiger,yes,N/A,N/A,0
169,CAS-674,eagle,eagle,yes,N/A,N/A,0
170,CAS-674,falcon,falcon,yes,N/A,N/A,0
171,CAS-674,raven,raven,yes,N/A,N/A,0
172,CAS-674,lizard,lizard,yes,N/A,N/A,0
173,CAS-674,gecko,gecko,no,['ReptileAmphibian'],"['reptile', 'amphibious']",2
174,CAS-674,alligator,alligator,yes,N/A,N/A,0
175,CAS-674,crocodile,crocodile,yes,N/A,N/A,0
176,CAS-674,mammoth,mammoth,yes,N/A,N/A,0
177,CAS-674,kangaroo,kangaroo,yes,N/A,N/A,0
178,CAU-667,shark,shark,yes,N/A,N/A,0
179,CAU-667,stingray,stingray,no,['Water'],['water'],1
180,CAU-667,angelfish,angelfish,no,['Fish'],['fish'],1
181,CAU-667,clownfish,clownfish,no,['Fish'],['fish'],1
182,CAU-667,seahorse,seahorse,no,['Water'],['water'],1
183,CAU-667,seadragon,seahorse,no,['Water'],['water'],1
184,CAU-667,penguin,penguin,yes,N/A,N/A,0
185,CAU-667,polar,polar,yes,N/A,N/A,0
186,CAU-667,dolphin,dolphin,yes,N/A,N/A,0
187,CAU-667,sealion,sealion,no,['Water'],['water'],1
188,CAU-667,seal,seal,yes,N/A,N/A,0
189,CAU-667,tiger,tiger,yes,N/A,N/A,0
190,CAU-667,panda,panda,no,['Asian'],['asian'],1
191,CAU-667,mule,mule,yes,N/A,N/A,0
192,CAU-667,deer,deer,yes,N/A,N/A,0
193,CAU-667,bat,bat,yes,N/A,N/A,0
194,CAU-667,koala,koala,no,['Australian'],['australian'],1
195,CAU-667,bear,bear,yes,N/A,N/A,0
196,CAU-667,bear,bear,yes,N/A,N/A,0
197,CAU-667,lemur,lemur,no,"['African', 'Primates']","['african', 'primate']",2
198,CAU-667,ring_tailed,ringtailcat,no,"['Feline', 'NorthAmerican']","['feline', 'american']",2
199,CAU-667,lemur,lemur,no,"['African', 'Primates']","['african', 'primate']",2
200,CAU-667,lion,lion,yes,N/A,N/A,0
201,CAU-667,elephant,elephant,yes,N/A,N/A,0
202,CAU-667,kangaroo,kangaroo,yes,N/A,N/A,0
203,CAU-667,wallaby,wallaby,no,['Australian'],['australian'],1
204,CAU-667,emu,emu,no,"['Australian', 'Bird']","['australian', 'bird']",2
205,CAU-667,ostrich,ostrich,yes,N/A,N/A,0
206,CAU-667,rhino,rhinoceros,yes,N/A,N/A,0
207,CAU-667,hippo,hippopotamus,yes,N/A,N/A,0
208,CAU-667,stork,stork,yes,N/A,N/A,0
209,CAU-667,guinea,guinea,yes,N/A,N/A,0
210,CAU-667,fowl,fowl,yes,N/A,N/A,0
211,CAU-667,zebra,zebra,yes,N/A,N/A,0
212,CAU-667,kudu,kudu,no,['African'],['african'],1
213,CAU-667,cow,cow,yes,N/A,N/A,0
214,CAU-667,horse,horse,yes,N/A,N/A,0
215,CAU-667,pig,pig,yes,N/A,N/A,0
216,CAU-667,sheep,sheep,yes,N/A,N/A,0
217,CAU-667,donkey,donkey,yes,N/A,N/A,0
218,CAU-667,ox,ox,yes,N/A,N/A,0
219,CAV-678,dog,dog,yes,N/A,N/A,0
220,CAV-678,cat,cat,yes,N/A,N/A,0
221,CAV-678,bird,bird,yes,N/A,N/A,0
222,CAV-678,elephant,elephant,yes,N/A,N/A,0
223,CAV-678,kangaroo,kangaroo,yes,N/A,N/A,0
224,CAV-678,cheetah,cheetah,no,"['African', 'Feline']","['african', 'feline']",2
225,CAV-678,lion,lion,yes,N/A,N/A,0
226,CAV-678,tiger,tiger,yes,N/A,N/A,0
227,CAV-678,bear,bear,yes,N/A,N/A,0
228,CAV-678,iguana,iguana,no,['ReptileAmphibian'],"['reptile', 'amphibious']",2
229,CAV-678,kangaroo,kangaroo,yes,N/A,N/A,0
230,CAV-678,pelican,pelican,yes,N/A,N/A,0
231,CAV-678,penguin,penguin,yes,N/A,N/A,0
232,CAV-678,polar,polar,yes,N/A,N/A,0
233,CAV-678,grizzly,grizzly,yes,N/A,N/A,0
234,CAV-678,moose,moose,yes,N/A,N/A,0
235,CAV-678,turtle,turtle,yes,N/A,N/A,0
236,CAV-678,flamingo,flamingo,no,['Bird'],['bird'],1
237,CAV-678,rhino,rhinoceros,yes,N/A,N/A,0
238,CAV-678,toucan,toucan,no,['Bird'],['bird'],1
239,CAV-678,parakeet,parakeet,yes,N/A,N/A,0
240,CAV-678,alligator,alligator,yes,N/A,N/A,0
241,CAV-678,crocodile,crocodile,yes,N/A,N/A,0
242,CAV-678,zebra,zebra,yes,N/A,N/A,0
243,CAV-678,horse,horse,yes,N/A,N/A,0
244,CAV-678,rooster,rooster,yes,N/A,N/A,0
245,CAV-678,chicken,chicken,yes,N/A,N/A,0
246,CAV-678,pony,pony,yes,N/A,N/A,0
247,CAY-681,penguin,penguin,yes,N/A,N/A,0
248,CAY-681,snake,snake,yes,N/A,N/A,0
249,CAY-681,elephant,elephant,yes,N/A,N/A,0
250,CAY-681,giraffe,giraffe,no,['African'],['african'],1
251,CAY-681,dog,dog,yes,N/A,N/A,0
252,CAY-681,cat,cat,yes,N/A,N/A,0
253,CAY-681,gorilla,gorilla,yes,N/A,N/A,0
254,CAY-681,chimp,chimpanzee,no,"['African', 'Primates']","['african', 'primate']",2
255,CAY-681,ape,ape,yes,N/A,N/A,0
256,CAY-681,insect,insect,yes,N/A,N/A,0
257,CAY-681,butterfly,butterfly,yes,N/A,N/A,0
258,CAY-681,ladybug,ladybug,yes,N/A,N/A,0
259,CAY-681,beetle,beetle,yes,N/A,N/A,0
260,CAY-681,beetle,beetle,yes,N/A,N/A,0
261,CAY-681,worm,worm,yes,N/A,N/A,0
262,CAY-681,ant,ant,yes,N/A,N/A,0
263,CAY-681,ant,ant,yes,N/A,N/A,0
264,CAY-681,lizard,lizard,yes,N/A,N/A,0
265,CAY-681,anteater,anteater,no,['Insectivores'],['insect'],1
266,CAY-681,human,human,yes,N/A,N/A,0
267,CAY-681,robin,robin,yes,N/A,N/A,0
268,CAY-681,cardinal,cardinal,yes,N/A,N/A,0
269,CAY-681,bluejay,bluejay,no,['Bird'],['bird'],1
270,CBD-686,lion,lion,yes,N/A,N/A,0
271,CBD-686,tiger,tiger,yes,N/A,N/A,0
272,CBD-686,monkey,monkey,yes,N/A,N/A,0
273,CBD-686,baboon,baboon,yes,N/A,N/A,0
274,CBD-686,giraffe,giraffe,no,['African'],['african'],1
275,CBD-686,elephant,elephant,yes,N/A,N/A,0
276,CBD-686,buffalo,buffalo,yes,N/A,N/A,0
277,CBD-686,polar,polar,yes,N/A,N/A,0
278,CBD-686,bear,bear,yes,N/A,N/A,0
279,CBD-686,grizzly,grizzly,yes,N/A,N/A,0
280,CBD-686,duck,duck,yes,N/A,N/A,0
281,CBD-686,crocodile,crocodile,yes,N/A,N/A,0
282,CBD-686,alligator,alligator,yes,N/A,N/A,0
283,CBD-686,crocodile,crocodile,yes,N/A,N/A,0
284,CBD-686,girdle,girdle,yes,N/A,N/A,0
285,CBD-686,panda,panda,no,['Asian'],['asian'],1
286,CBD-686,sheep,sheep,yes,N/A,N/A,0
287,CBD-686,goat,goat,yes,N/A,N/A,0
288,CBD-686,cow,cow,yes,N/A,N/A,0
289,CBD-686,pony,pony,yes,N/A,N/A,0
290,CBD-686,horse,horse,yes,N/A,N/A,0
291,CBF-691,dog,dog,yes,N/A,N/A,0
292,CBF-691,cat,cat,yes,N/A,N/A,0
293,CBF-691,fish,fish,yes,N/A,N/A,0
294,CBF-691,elephant,elephant,yes,N/A,N/A,0
295,CBF-691,cheetah,cheetah,no,"['African', 'Feline']","['african', 'feline']",2
296,CBF-691,tiger,tiger,yes,N/A,N/A,0
297,CBF-691,lion,lion,yes,N/A,N/A,0
298,CBF-691,polar,polar,yes,N/A,N/A,0
299,CBF-691,turtle,turtle,yes,N/A,N/A,0
300,CBF-691,penguin,penguin,yes,N/A,N/A,0
301,CBF-691,giraffe,giraffe,no,['African'],['african'],1
302,CBF-691,hamster,hamster,no,"['Pets', 'Rodents']","['pets', 'rodents']",2
303,CBF-691,gerbil,gerbil,no,"['Pets', 'Rodents']","['pets', 'rodents']",2
304,CBF-691,squirrel,squirrel,yes,N/A,N/A,0
305,CBF-691,rabbit,rabbit,yes,N/A,N/A,0
306,CBF-691,coyote,coyote,yes,N/A,N/A,0
307,CBF-691,deer,deer,yes,N/A,N/A,0
308,CBF-691,walrus,walrus,yes,N/A,N/A,0
309,CBF-691,eel,eel,yes,N/A,N/A,0
310,CBH-693,dog,dog,yes,N/A,N/A,0
311,CBH-693,cat,cat,yes,N/A,N/A,0
312,CBH-693,fish,fish,yes,N/A,N/A,0
313,CBH-693,jellyfish,jellyfish,yes,N/A,N/A,0
314,CBH-693,shark,shark,yes,N/A,N/A,0
315,CBH-693,kangaroo,kangaroo,yes,N/A,N/A,0
316,CBH-693,camel,camel,yes,N/A,N/A,0
317,CBH-693,alligator,alligator,yes,N/A,N/A,0
318,CBH-693,leopard,leopard,yes,N/A,N/A,0
319,CBH-693,penguin,penguin,yes,N/A,N/A,0
320,CBH-693,polar,polar,yes,N/A,N/A,0
321,CBH-693,bear,bear,yes,N/A,N/A,0
322,CBH-693,bear,bear,yes,N/A,N/A,0
323,CBH-693,antelope,antelope,yes,N/A,N/A,0
324,CBH-693,anteater,anteater,no,['Insectivores'],['insect'],1
325,CBH-693,lizard,lizard,yes,N/A,N/A,0
326,CBH-693,flamingo,flamingo,no,['Bird'],['bird'],1
327,CBH-693,bird,bird,yes,N/A,N/A,0
328,CBH-693,peacock,peacock,yes,N/A,N/A,0
329,CBH-693,monkey,monkey,yes,N/A,N/A,0
330,CBH-693,chimp,chimpanzee,no,"['African', 'Primates']","['african', 'primate']",2
331,CBH-693,lion,lion,yes,N/A,N/A,0
332,CBH-693,tiger,tiger,yes,N/A,N/A,0
333,CBH-693,crocodile,crocodile,yes,N/A,N/A,0
334,CBJ-697,lion,lion,yes,N/A,N/A,0
335,CBJ-697,tiger,tiger,yes,N/A,N/A,0
336,CBJ-697,flamingo,flamingo,no,['Bird'],['bird'],1
337,CBJ-697,monkey,monkey,yes,N/A,N/A,0
338,CBJ-697,parrot,parrot,yes,N/A,N/A,0
339,CBJ-697,ferret,ferret,yes,N/A,N/A,0
340,CBJ-697,cat,cat,yes,N/A,N/A,0
341,CBJ-697,dog,dog,yes,N/A,N/A,0
342,CBJ-697,fish,fish,yes,N/A,N/A,0
343,CBJ-697,chimp,chimpanzee,no,"['African', 'Primates']","['african', 'primate']",2
344,CBJ-697,squirrel,squirrel,yes,N/A,N/A,0
345,CBJ-697,zebra,zebra,yes,N/A,N/A,0
346,CBJ-697,elephant,elephant,yes,N/A,N/A,0
347,CBJ-697,jaguar,jaguar,yes,N/A,N/A,0
348,CBJ-697,cheetah,cheetah,no,"['African', 'Feline']","['african', 'feline']",2
349,CBJ-697,rhino,rhinoceros,yes,N/A,N/A,0
350,CBJ-697,panda,panda,no,['Asian'],['asian'],1
351,CBJ-697,koala,koala,no,['Australian'],['australian'],1
352,CBJ-697,anteater,anteater,no,['Insectivores'],['insect'],1
353,CBJ-697,beaver,beaver,yes,N/A,N/A,0
354,CBJ-697,porcupine,porcupine,yes,N/A,N/A,0
355,CBJ-697,armadillo,armadillo,no,['Insectivores'],['insect'],1
356,CBJ-697,zebra,zebra,yes,N/A,N/A,0
357,CBL-698,chihuahua,chihuahua,no,['Canine'],['canine'],1
358,CBL-698,terrier,terrier,yes,N/A,N/A,0
359,CBL-698,cat,cat,yes,N/A,N/A,0
360,CBL-698,dog,dog,yes,N/A,N/A,0
361,CBL-698,bird,bird,yes,N/A,N/A,0
362,CBL-698,parakeet,parakeet,yes,N/A,N/A,0
363,CBL-698,pelican,pelican,yes,N/A,N/A,0
364,CBL-698,parrot,parrot,yes,N/A,N/A,0
365,CBL-698,pelican,pelican,yes,N/A,N/A,0
366,CBL-698,t_rex,tyrannosaurusrex,no,"['Dinosaur', 'ReptileAmphibian']","['reptile', 'amphibious']",2
367,CBL-698,koala,koala,no,['Australian'],['australian'],1
368,CBL-698,kangaroo,kangaroo,yes,N/A,N/A,0
369,CBL-698,giraffe,giraffe,no,['African'],['african'],1
370,CBL-698,elephant,elephant,yes,N/A,N/A,0
371,CBL-698,tiger,tiger,yes,N/A,N/A,0
372,CBL-698,zebra,zebra,yes,N/A,N/A,0
373,CBL-698,lice,lice,yes,N/A,N/A,0
374,CBL-698,stickforn,stickforn,no,Not Animal,N/A,0
375,CBL-698,stickbug,stickbug,no,['Insects'],['insects'],1
376,CBL-698,stinkbug,stinkbug,no,['Insects'],['insects'],1
377,CBL-698,beetle,beetle,yes,N/A,N/A,0
378,CBM-702,tiger,tiger,yes,N/A,N/A,0
379,CBM-702,dolphin,dolphin,yes,N/A,N/A,0
380,CBM-702,lion,lion,yes,N/A,N/A,0
381,CBM-702,penguin,penguin,yes,N/A,N/A,0
382,CBM-702,flamingo,flamingo,no,['Bird'],['bird'],1
383,CBM-702,seagull,seagull,no,['Bird'],['bird'],1
384,CBM-702,pigeon,pigeon,yes,N/A,N/A,0
385,CBM-702,woodpecker,woodpecker,yes,N/A,N/A,0
386,CBM-702,iguana,iguana,no,['ReptileAmphibian'],"['reptile', 'amphibious']",2
387,CBM-702,snake,snake,yes,N/A,N/A,0
388,CBM-702,snail,snail,yes,N/A,N/A,0
389,CBM-702,not_snails,snail,yes,N/A,N/A,0
390,CBM-702,goldfish,goldfish,yes,N/A,N/A,0
391,CBM-702,clownfish,clownfish,no,['Fish'],['fish'],1
392,CBM-702,dog,dog,yes,N/A,N/A,0
393,CBM-702,cat,cat,yes,N/A,N/A,0
394,CBM-702,gerbil,gerbil,no,"['Pets', 'Rodents']","['pets', 'rodents']",2
395,CBM-702,snake,snake,yes,N/A,N/A,0
396,CBM-702,hamster,hamster,no,"['Pets', 'Rodents']","['pets', 'rodents']",2
397,CBM-702,rabbit,rabbit,yes,N/A,N/A,0
398,CBM-702,reptile,reptile,yes,N/A,N/A,0
399,CBM-702,polar,polar,yes,N/A,N/A,0
400,CBM-702,grizzly,grizzly,yes,N/A,N/A,0
401,CBM-702,bear,bear,yes,N/A,N/A,0
402,CBM-702,hedgehog,hedgehog,yes,N/A,N/A,0
403,CBM-702,porcupine,porcupine,yes,N/A,N/A,0
404,CBM-702,dinosaur,dinosaur,no,"['Dinosaur', 'ReptileAmphibian']","['reptile', 'amphibious']",2
405,CBP-707,cow,cow,yes,N/A,N/A,0
406,CBP-707,pig,pig,yes,N/A,N/A,0
407,CBP-707,dog,dog,yes,N/A,N/A,0
408,CBP-707,cat,cat,yes,N/A,N/A,0
409,CBP-707,fish,fish,yes,N/A,N/A,0
410,CBP-707,bird,bird,yes,N/A,N/A,0
411,CBP-707,horse,horse,yes,N/A,N/A,0
412,CBP-707,elephant,elephant,yes,N/A,N/A,0
413,CBP-707,tiger,tiger,yes,N/A,N/A,0
414,CBP-707,cheetah,cheetah,no,"['African', 'Feline']","['african', 'feline']",2
415,CBP-707,penguin,penguin,yes,N/A,N/A,0
416,CBP-707,fish,fish,yes,N/A,N/A,0
417,CBP-707,shark,shark,yes,N/A,N/A,0
418,CBP-707,dolphin,dolphin,yes,N/A,N/A,0
419,CBP-707,whale,whale,yes,N/A,N/A,0
420,CBP-707,ant,ant,yes,N/A,N/A,0
421,CBP-707,centipede,centipede,yes,N/A,N/A,0
422,CBP-707,millipede,millipede,no,['Insects'],['insects'],1
423,CBP-707,lizard,lizard,yes,N/A,N/A,0
424,CBP-707,iguana,iguana,no,['ReptileAmphibian'],"['reptile', 'amphibious']",2
425,CBP-707,snake,snake,yes,N/A,N/A,0
426,CBP-707,mouse,mouse,yes,N/A,N/A,0
427,CBP-707,rat,rat,yes,N/A,N/A,0
428,CBP-707,parrot,parrot,yes,N/A,N/A,0
429,CBP-707,worm,worm,yes,N/A,N/A,0
430,CBP-707,elephant,elephant,yes,N/A,N/A,0
431,CBP-707,monkey,monkey,yes,N/A,N/A,0
432,CBP-707,gorilla,gorilla,yes,N/A,N/A,0
433,CBS-711,bear,bear,yes,N/A,N/A,0
434,CBS-711,tiger,tiger,yes,N/A,N/A,0
435,CBS-711,rabbit,rabbit,yes,N/A,N/A,0
436,CBS-711,hamster,hamster,no,"['Pets', 'Rodents']","['pets', 'rodents']",2
437,CBS-711,gerbil,gerbil,no,"['Pets', 'Rodents']","['pets', 'rodents']",2
438,CBS-711,bird,bird,yes,N/A,N/A,0
439,CBS-711,tiger,tiger,yes,N/A,N/A,0
440,CBS-711,dolphin,dolphin,yes,N/A,N/A,0
441,CBS-711,seal,seal,yes,N/A,N/A,0
442,CBS-711,horse,horse,yes,N/A,N/A,0
443,CBS-711,kangaroo,kangaroo,yes,N/A,N/A,0
444,CBS-711,cheetah,cheetah,no,"['African', 'Feline']","['african', 'feline']",2
445,CBS-711,zebra,zebra,yes,N/A,N/A,0
446,CBS-711,ostrich,ostrich,yes,N/A,N/A,0
447,CBS-711,rhino,rhinoceros,yes,N/A,N/A,0
448,CBS-711,hippo,hippopotamus,yes,N/A,N/A,0
449,CBS-711,whale,whale,yes,N/A,N/A,0
450,CBS-711,jaguar,jaguar,yes,N/A,N/A,0
451,CBS-711,dog,dog,yes,N/A,N/A,0
452,CBS-711,cat,cat,yes,N/A,N/A,0
453,CBS-711,monkey,monkey,yes,N/A,N/A,0
454,CBS-711,alligator,alligator,yes,N/A,N/A,0
455,CBS-711,crocodile,crocodile,yes,N/A,N/A,0
456,CBS-711,toucan,toucan,no,['Bird'],['bird'],1
457,CBW-715,horse,horse,yes,N/A,N/A,0
458,CBW-715,puppy,puppy,yes,N/A,N/A,0
459,CBW-715,dog,dog,yes,N/A,N/A,0
460,CBW-715,pig,pig,yes,N/A,N/A,0
461,CBW-715,donkey,donkey,yes,N/A,N/A,0
462,CBW-715,mule,mule,yes,N/A,N/A,0
463,CBW-715,goose,goose,yes,N/A,N/A,0
464,CBW-715,duck,duck,yes,N/A,N/A,0
465,CBW-715,fish,fish,yes,N/A,N/A,0
466,CBW-715,cheetah,cheetah,no,"['African', 'Feline']","['african', 'feline']",2
467,CBW-715,lion,lion,yes,N/A,N/A,0
468,CBW-715,leopard,leopard,yes,N/A,N/A,0
469,CBW-715,jaguar,jaguar,yes,N/A,N/A,0
470,CBW-715,monkey,monkey,yes,N/A,N/A,0
471,CBW-715,gorilla,gorilla,yes,N/A,N/A,0
472,CBW-715,ape,ape,yes,N/A,N/A,0
473,CBW-715,snake,snake,yes,N/A,N/A,0
474,CBW-715,bee,bee,yes,N/A,N/A,0
475,CCB-720,zebra,zebra,yes,N/A,N/A,0
476,CCB-720,tiger,tiger,yes,N/A,N/A,0
477,CCB-720,lizard,lizard,yes,N/A,N/A,0
478,CCB-720,snake,snake,yes,N/A,N/A,0
479,CCB-720,koala,koala,no,['Australian'],['australian'],1
480,CCB-720,shark,shark,yes,N/A,N/A,0
481,CCB-720,fish,fish,yes,N/A,N/A,0
482,CCB-720,rainbow,rainbow,yes,N/A,N/A,0
483,CCB-720,bunny,bunny,yes,N/A,N/A,0
484,CCB-720,dog,dog,yes,N/A,N/A,0
485,CCB-720,cat,cat,yes,N/A,N/A,0
486,CCB-720,hamster,hamster,no,"['Pets', 'Rodents']","['pets', 'rodents']",2
487,CCB-720,gopher,gopher,yes,N/A,N/A,0
488,CCB-720,leopard,leopard,yes,N/A,N/A,0
489,CCC-721,dog,dog,yes,N/A,N/A,0
490,CCC-721,cat,cat,yes,N/A,N/A,0
491,CCC-721,lion,lion,yes,N/A,N/A,0
492,CCC-721,tiger,tiger,yes,N/A,N/A,0
493,CCC-721,zebra,zebra,yes,N/A,N/A,0
494,CCC-721,chicken,chicken,yes,N/A,N/A,0
495,CCC-721,fish,fish,yes,N/A,N/A,0
496,CCC-721,giraffe,giraffe,no,['African'],['african'],1
497,CCC-721,wolf,wolf,yes,N/A,N/A,0
498,CCC-721,mouse,mouse,yes,N/A,N/A,0
499,CCC-721,platypus,platypus,no,"['Australian', 'Water']","['australian', 'water']",2
500,CCC-721,beaver,beaver,yes,N/A,N/A,0
501,CCC-721,duck,duck,yes,N/A,N/A,0
502,CCC-721,goose,goose,yes,N/A,N/A,0
503,CCC-721,bird,bird,yes,N/A,N/A,0
504,CCD-722,dog,dog,yes,N/A,N/A,0
505,CCD-722,cat,cat,yes,N/A,N/A,0
506,CCD-722,horse,horse,yes,N/A,N/A,0
507,CCD-722,frog,frog,yes,N/A,N/A,0
508,CCD-722,butterfly,butterfly,yes,N/A,N/A,0
509,CCD-722,cricket,cricket,yes,N/A,N/A,0
510,CCD-722,spider,spider,yes,N/A,N/A,0
511,CCD-722,giraffe,giraffe,no,['African'],['african'],1
512,CCD-722,elephant,elephant,yes,N/A,N/A,0
513,CCD-722,rhino,rhinoceros,yes,N/A,N/A,0
514,CCD-722,hippo,hippopotamus,yes,N/A,N/A,0
515,CCD-722,eagle,eagle,yes,N/A,N/A,0
516,CCD-722,tiger,tiger,yes,N/A,N/A,0
517,CCD-722,lion,lion,yes,N/A,N/A,0
518,CCD-722,bear,bear,yes,N/A,N/A,0
519,CCD-722,polar,polar,yes,N/A,N/A,0
520,CCD-722,dolphin,dolphin,yes,N/A,N/A,0
521,CCD-722,penguin,penguin,yes,N/A,N/A,0
522,CCD-722,lizard,lizard,yes,N/A,N/A,0
523,CCD-722,snake,snake,yes,N/A,N/A,0
524,CCD-722,tarantula,tarantula,no,['Insects'],['insects'],1
525,CCD-722,shark,shark,yes,N/A,N/A,0
526,CCD-722,lemur,lemur,no,"['African', 'Primates']","['african', 'primate']",2
527,CCD-722,sloth,sloth,yes,N/A,N/A,0
528,CCD-722,zebra,zebra,yes,N/A,N/A,0
529,CCD-722,wildebeest,wildebeest,no,"['African', 'Deers']",['african'],1
530,CCD-722,deer,deer,yes,N/A,N/A,0
531,CCD-722,rabbit,rabbit,yes,N/A,N/A,0
532,CCD-722,kangaroo,kangaroo,yes,N/A,N/A,0
533,CCF-724,giraffe,giraffe,no,['African'],['african'],1
534,CCF-724,elephant,elephant,yes,N/A,N/A,0
535,CCF-724,monkey,monkey,yes,N/A,N/A,0
536,CCF-724,oscar,oscar,yes,N/A,N/A,0
537,CCF-724,ostrich,ostrich,yes,N/A,N/A,0
538,CCF-724,fish,fish,yes,N/A,N/A,0
539,CCF-724,shark,shark,yes,N/A,N/A,0
540,CCF-724,whale,whale,yes,N/A,N/A,0
541,CCF-724,bird,bird,yes,N/A,N/A,0
542,CCF-724,hamster,hamster,no,"['Pets', 'Rodents']","['pets', 'rodents']",2
543,CCF-724,rat,rat,yes,N/A,N/A,0
544,CCF-724,cat,cat,yes,N/A,N/A,0
545,CCF-724,dog,dog,yes,N/A,N/A,0
546,CCF-724,horse,horse,yes,N/A,N/A,0
547,CCF-724,pig,pig,yes,N/A,N/A,0
548,CCF-724,cow,cow,yes,N/A,N/A,0
549,CCF-724,chicken,chicken,yes,N/A,N/A,0
550,CCF-724,seal,seal,yes,N/A,N/A,0
551,CCH-726,giraffe,giraffe,no,['African'],['african'],1
552,CCH-726,hippo,hippopotamus,yes,N/A,N/A,0
553,CCH-726,elephant,elephant,yes,N/A,N/A,0
554,CCH-726,donkey,donkey,yes,N/A,N/A,0
555,CCH-726,horse,horse,yes,N/A,N/A,0
556,CCH-726,dog,dog,yes,N/A,N/A,0
557,CCH-726,cat,cat,yes,N/A,N/A,0
558,CCH-726,tarantula,tarantula,no,['Insects'],['insects'],1
559,CCH-726,fish,fish,yes,N/A,N/A,0
560,CCH-726,raccoon,raccoon,no,['NorthAmerican'],['american'],1
561,CCH-726,deer,deer,yes,N/A,N/A,0
562,CCH-726,frog,frog,yes,N/A,N/A,0
563,CCH-726,snake,snake,yes,N/A,N/A,0
564,CCH-726,parrot,parrot,yes,N/A,N/A,0
565,CCH-726,macaw,macaw,no,['Bird'],['bird'],1
566,CCH-726,zebra,zebra,yes,N/A,N/A,0
567,CCH-726,flamingo,flamingo,no,['Bird'],['bird'],1
568,CCH-726,duck,duck,yes,N/A,N/A,0
569,CCH-726,turtle,turtle,yes,N/A,N/A,0
570,CCH-726,cheetah,cheetah,no,"['African', 'Feline']","['african', 'feline']",2
571,CCH-726,jaguar,jaguar,yes,N/A,N/A,0
572,CCH-726,panther,panther,yes,N/A,N/A,0
573,CCH-726,lion,lion,yes,N/A,N/A,0
574,CCL-730,cat,cat,yes,N/A,N/A,0
575,CCL-730,dog,dog,yes,N/A,N/A,0
576,CCL-730,butterfly,butterfly,yes,N/A,N/A,0
577,CCL-730,bee,bee,yes,N/A,N/A,0
578,CCL-730,bee,bee,yes,N/A,N/A,0
579,CCL-730,lion,lion,yes,N/A,N/A,0
580,CCL-730,zebra,zebra,yes,N/A,N/A,0
581,CCL-730,tiger,tiger,yes,N/A,N/A,0
582,CCL-730,elephant,elephant,yes,N/A,N/A,0
583,CCL-730,bear,bear,yes,N/A,N/A,0
584,CCL-730,kangaroo,kangaroo,yes,N/A,N/A,0
585,CCL-730,dolphin,dolphin,yes,N/A,N/A,0
586,CCL-730,fish,fish,yes,N/A,N/A,0
587,CCL-730,zebra,zebra,yes,N/A,N/A,0
588,CCL-730,fly,fly,yes,N/A,N/A,0
589,CCL-730,flea,flea,yes,N/A,N/A,0
590,CCL-730,tiger,tiger,yes,N/A,N/A,0
591,CCL-730,squirrel,squirrel,yes,N/A,N/A,0
592,CCL-730,raccoon,raccoon,no,['NorthAmerican'],['american'],1
593,CCL-730,possum,possum,yes,N/A,N/A,0
594,CCL-730,rat,rat,yes,N/A,N/A,0
595,CCL-730,mouse,mouse,yes,N/A,N/A,0
596,CCL-730,snake,snake,yes,N/A,N/A,0
597,CCL-730,bird,bird,yes,N/A,N/A,0
598,CCX-744,lion,lion,yes,N/A,N/A,0
599,CCX-744,tiger,tiger,yes,N/A,N/A,0
600,CCX-744,bear,bear,yes,N/A,N/A,0
601,CCX-744,giraffe,giraffe,no,['African'],['african'],1
602,CCX-744,elephant,elephant,yes,N/A,N/A,0
603,CCX-744,dolphin,dolphin,yes,N/A,N/A,0
604,CCX-744,whale,whale,yes,N/A,N/A,0
605,CCX-744,snake,snake,yes,N/A,N/A,0
606,CCX-744,rabbit,rabbit,yes,N/A,N/A,0
607,CCX-744,lizard,lizard,yes,N/A,N/A,0
608,CCX-744,spider,spider,yes,N/A,N/A,0
609,CCX-744,bat,bat,yes,N/A,N/A,0
610,CCX-744,raccoon,raccoon,no,['NorthAmerican'],['american'],1
611,CCX-744,fox,fox,yes,N/A,N/A,0
612,CCX-744,wolf,wolf,yes,N/A,N/A,0
613,CCX-744,meerkat,meerkat,no,['African'],['african'],1
614,CCX-744,deer,deer,yes,N/A,N/A,0
615,CCX-744,fish,fish,yes,N/A,N/A,0
616,CDG-753,tiger,tiger,yes,N/A,N/A,0
617,CDG-753,lion,lion,yes,N/A,N/A,0
618,CDG-753,zebra,zebra,yes,N/A,N/A,0
619,CDG-753,mammoth,mammoth,yes,N/A,N/A,0
620,CDG-753,elephant,elephant,yes,N/A,N/A,0
621,CDG-753,manatee,manatee,no,"['African', 'Water']","['african', 'water']",2
622,CDG-753,hippo,hippopotamus,yes,N/A,N/A,0
623,CDG-753,giraffe,giraffe,no,['African'],['african'],1
624,CDG-753,panda,panda,no,['Asian'],['asian'],1
625,CDG-753,lemur,lemur,no,"['African', 'Primates']","['african', 'primate']",2
626,CDG-753,sloth,sloth,yes,N/A,N/A,0
627,CDG-753,fish,fish,yes,N/A,N/A,0
628,CDG-753,eel,eel,yes,N/A,N/A,0
629,CDG-753,barracuda,barracuda,no,['Fish'],['fish'],1
630,CDG-753,shark,shark,yes,N/A,N/A,0
631,CDG-753,dolphin,dolphin,yes,N/A,N/A,0
632,CDG-753,whale,whale,yes,N/A,N/A,0
633,CDG-753,monkey,monkey,yes,N/A,N/A,0
634,CDG-753,ape,ape,yes,N/A,N/A,0
635,CDG-753,gorilla,gorilla,yes,N/A,N/A,0
636,CDG-753,chimp,chimpanzee,no,"['African', 'Primates']","['african', 'primate']",2
637,CDG-753,eagle,eagle,yes,N/A,N/A,0
638,CDG-753,eagle,eagle,yes,N/A,N/A,0
639,CDG-753,hawk,hawk,yes,N/A,N/A,0
640,CDH-754,wolf,wolf,yes,N/A,N/A,0
641,CDH-754,bear,bear,yes,N/A,N/A,0
642,CDH-754,t_rex,tyrannosaurusrex,no,"['Dinosaur', 'ReptileAmphibian']","['reptile', 'amphibious']",2
643,CDH-754,dragon,dragon,yes,N/A,N/A,0
644,CDH-754,pegasus,pegasus,yes,N/A,N/A,0
645,CDH-754,stegosaurus,stegosaurus,no,['Dinosaur'],Category not in s2v/w2v,0
646,CDH-754,triceratops,triceratops,no,"['Dinosaur', 'ReptileAmphibian']","['reptile', 'amphibious']",2
647,CDH-754,monster,monster,yes,N/A,N/A,0
648,CDH-754,turtle,turtle,yes,N/A,N/A,0
649,CDH-754,piranha,piranha,no,['Fish'],['fish'],1
650,CDH-754,frog,frog,yes,N/A,N/A,0
651,CDH-754,turtle,turtle,yes,N/A,N/A,0
652,CDH-754,tortoise,tortoise,yes,N/A,N/A,0
653,CDH-754,meerkat,meerkat,no,['African'],['african'],1
654,CDM-759,dog,dog,yes,N/A,N/A,0
655,CDM-759,cat,cat,yes,N/A,N/A,0
656,CDM-759,elephant,elephant,yes,N/A,N/A,0
657,CDM-759,squirrel,squirrel,yes,N/A,N/A,0
658,CDM-759,lion,lion,yes,N/A,N/A,0
659,CDM-759,lioness,lioness,yes,N/A,N/A,0
660,CDM-759,fish,fish,yes,N/A,N/A,0
661,CDM-759,deer,deer,yes,N/A,N/A,0
662,CDM-759,rabbit,rabbit,yes,N/A,N/A,0
663,CDM-759,squirrel,squirrel,yes,N/A,N/A,0
664,CDM-759,hamster,hamster,no,"['Pets', 'Rodents']","['pets', 'rodents']",2
665,CDM-759,bird,bird,yes,N/A,N/A,0
666,CDM-759,cow,cow,yes,N/A,N/A,0
667,CDM-759,lizard,lizard,yes,N/A,N/A,0
668,CDM-759,porcupine,porcupine,yes,N/A,N/A,0
669,CDM-759,koala,koala,no,['Australian'],['australian'],1
670,CDM-759,bluejay,bluejay,no,['Bird'],['bird'],1
671,CDM-759,hippo,hippopotamus,yes,N/A,N/A,0
672,CDM-759,giraffe,giraffe,no,['African'],['african'],1
673,CDR-764,giraffe,giraffe,no,['African'],['african'],1
674,CDR-764,orangutan,orangutan,no,['Primates'],['primate'],1
675,CDR-764,monkey,monkey,yes,N/A,N/A,0
676,CDR-764,elephant,elephant,yes,N/A,N/A,0
677,CDR-764,bird,bird,yes,N/A,N/A,0
678,CDR-764,eagle,eagle,yes,N/A,N/A,0
679,CDR-764,jaguar,jaguar,yes,N/A,N/A,0
680,CDR-764,cheetah,cheetah,no,"['African', 'Feline']","['african', 'feline']",2
681,CDR-764,frog,frog,yes,N/A,N/A,0
682,CDR-764,toad,toad,yes,N/A,N/A,0
683,CDR-764,flamingo,flamingo,no,['Bird'],['bird'],1
684,CDR-764,lion,lion,yes,N/A,N/A,0
685,CDR-764,mouse,mouse,yes,N/A,N/A,0
686,CDR-764,bat,bat,yes,N/A,N/A,0
687,CDR-764,fish,fish,yes,N/A,N/A,0
688,CDR-764,ape,ape,yes,N/A,N/A,0
689,CDR-764,chimp,chimpanzee,no,"['African', 'Primates']","['african', 'primate']",2
690,CDR-764,rhino,rhinoceros,yes,N/A,N/A,0
691,CDU-767,cat,cat,yes,N/A,N/A,0
692,CDU-767,dog,dog,yes,N/A,N/A,0
693,CDU-767,fish,fish,yes,N/A,N/A,0
694,CDU-767,tiger,tiger,yes,N/A,N/A,0
695,CDU-767,lion,lion,yes,N/A,N/A,0
696,CDU-767,rabbit,rabbit,yes,N/A,N/A,0
697,CDU-767,raccoon,raccoon,no,['NorthAmerican'],['american'],1
698,CDU-767,deer,deer,yes,N/A,N/A,0
699,CDU-767,mammoth,mammoth,yes,N/A,N/A,0
700,CDU-767,whale,whale,yes,N/A,N/A,0
701,CDU-767,shark,shark,yes,N/A,N/A,0
702,CDU-767,bird,bird,yes,N/A,N/A,0
703,CDU-767,penguin,penguin,yes,N/A,N/A,0
704,CDU-767,wolf,wolf,yes,N/A,N/A,0
705,CDU-767,badger,badger,yes,N/A,N/A,0
706,CDU-767,fish,fish,yes,N/A,N/A,0
707,CDU-767,baboon,baboon,yes,N/A,N/A,0
708,CDU-767,gorilla,gorilla,yes,N/A,N/A,0
709,CDU-767,ape,ape,yes,N/A,N/A,0
710,SFZ-149,monkey,monkey,yes,N/A,N/A,0
711,SFZ-149,elephant,elephant,yes,N/A,N/A,0
712,SFZ-149,giraffe,giraffe,no,['African'],['african'],1
713,SFZ-149,bird,bird,yes,N/A,N/A,0
714,SFZ-149,parrot,parrot,yes,N/A,N/A,0
715,SFZ-149,pilgrim,pilgrim,yes,N/A,N/A,0
716,SFZ-149,hippo,hippopotamus,yes,N/A,N/A,0
717,SFZ-149,eagle,eagle,yes,N/A,N/A,0
718,SFZ-149,turtle,turtle,yes,N/A,N/A,0
719,SFZ-149,tiger,tiger,yes,N/A,N/A,0
720,SFZ-149,lion,lion,yes,N/A,N/A,0
721,SFZ-149,cheetah,cheetah,no,"['African', 'Feline']","['african', 'feline']",2
722,SFZ-149,donkey,donkey,yes,N/A,N/A,0
723,SFZ-149,horse,horse,yes,N/A,N/A,0
724,SFZ-149,fish,fish,yes,N/A,N/A,0
725,SFZ-149,cow,cow,yes,N/A,N/A,0
726,SFZ-149,gorilla,gorilla,yes,N/A,N/A,0
727,SFZ-149,snake,snake,yes,N/A,N/A,0
728,SFZ-149,spider,spider,yes,N/A,N/A,0
729,SFZ-149,alligator,alligator,yes,N/A,N/A,0
730,SGO-159,dog,dog,yes,N/A,N/A,0
731,SGO-159,cat,cat,yes,N/A,N/A,0
732,SGO-159,ferret,ferret,yes,N/A,N/A,0
733,SGO-159,hamster,hamster,no,"['Pets', 'Rodents']","['pets', 'rodents']",2
734,SGO-159,mouse,mouse,yes,N/A,N/A,0
735,SGO-159,bird,bird,yes,N/A,N/A,0
736,SGO-159,parrot,parrot,yes,N/A,N/A,0
737,SGO-159,elephant,elephant,yes,N/A,N/A,0
738,SGO-159,giraffe,giraffe,no,['African'],['african'],1
739,SGO-159,rhino,rhinoceros,yes,N/A,N/A,0
740,SGO-159,snake,snake,yes,N/A,N/A,0
741,SGO-159,gorilla,gorilla,yes,N/A,N/A,0
742,SGO-159,ape,ape,yes,N/A,N/A,0
743,SGO-159,monkey,monkey,yes,N/A,N/A,0
744,SGO-159,squirrel,squirrel,yes,N/A,N/A,0
745,SGO-159,groundhog,groundhog,no,"['Rodents', 'Weasels']","['rodents', 'weasels']",2
746,SGO-159,raccoon,raccoon,no,['NorthAmerican'],['american'],1
747,SGO-159,possum,possum,yes,N/A,N/A,0
748,SGO-159,deer,deer,yes,N/A,N/A,0
749,SGO-159,turkey,turkey,yes,N/A,N/A,0
750,SGO-159,coyote,coyote,yes,N/A,N/A,0
751,SGO-159,moose,moose,yes,N/A,N/A,0
752,SGO-159,bug,bug,yes,N/A,N/A,0
753,SGO-159,leopard,leopard,yes,N/A,N/A,0
754,SGO-159,lion,lion,yes,N/A,N/A,0
755,SGO-159,leopard,leopard,yes,N/A,N/A,0
756,SGO-159,cow,cow,yes,N/A,N/A,0
757,SGO-159,horse,horse,yes,N/A,N/A,0
758,SGO-159,pig,pig,yes,N/A,N/A,0
759,SGO-159,hog,hog,yes,N/A,N/A,0
760,SGO-159,turkey,turkey,yes,N/A,N/A,0
761,SGO-159,rooster,rooster,yes,N/A,N/A,0
762,SGO-159,chicken,chicken,yes,N/A,N/A,0
763,SGO-159,turtle,turtle,yes,N/A,N/A,0
764,SGO-159,fish,fish,yes,N/A,N/A,0
765,SGO-159,scorpion,scorpion,yes,N/A,N/A,0
766,SIU-211,frog,frog,yes,N/A,N/A,0
767,SIU-211,lizard,lizard,yes,N/A,N/A,0
768,SIU-211,snake,snake,yes,N/A,N/A,0
769,SIU-211,lion,lion,yes,N/A,N/A,0
770,SIU-211,tiger,tiger,yes,N/A,N/A,0
771,SIU-211,monkey,monkey,yes,N/A,N/A,0
772,SIU-211,bird,bird,yes,N/A,N/A,0
773,SIU-211,lizard,lizard,yes,N/A,N/A,0
774,SIU-211,lizard,lizard,yes,N/A,N/A,0
775,SIU-211,deer,deer,yes,N/A,N/A,0
776,SIU-211,bear,bear,yes,N/A,N/A,0
777,SIU-211,squirrel,squirrel,yes,N/A,N/A,0
778,SIU-211,chipmunk,chipmunk,yes,N/A,N/A,0
779,SIU-211,skunk,skunk,yes,N/A,N/A,0
780,SIU-211,fish,fish,yes,N/A,N/A,0
781,SIU-211,dog,dog,yes,N/A,N/A,0
782,SIU-211,waterbug,waterbug,no,"['Insects', 'NorthAmerican']","['insects', 'american']",2
783,SIU-211,spider,spider,yes,N/A,N/A,0
784,SIU-211,fly,fly,yes,N/A,N/A,0
785,SIU-211,ant,ant,yes,N/A,N/A,0
786,SIU-211,giraffe,giraffe,no,['African'],['african'],1
787,SIU-211,elephant,elephant,yes,N/A,N/A,0
788,SIU-211,penguin,penguin,yes,N/A,N/A,0
789,SIU-211,hippo,hippopotamus,yes,N/A,N/A,0
790,SIZ-390,cat,cat,yes,N/A,N/A,0
791,SIZ-390,dog,dog,yes,N/A,N/A,0
792,SIZ-390,moose,moose,yes,N/A,N/A,0
793,SIZ-390,cow,cow,yes,N/A,N/A,0
794,SIZ-390,kangaroo,kangaroo,yes,N/A,N/A,0
795,SIZ-390,tiger,tiger,yes,N/A,N/A,0
796,SIZ-390,lion,lion,yes,N/A,N/A,0
797,SIZ-390,tiger,tiger,yes,N/A,N/A,0
798,SIZ-390,elephant,elephant,yes,N/A,N/A,0
799,SIZ-390,hippo,hippopotamus,yes,N/A,N/A,0
800,SIZ-390,rhino,rhinoceros,yes,N/A,N/A,0
801,SIZ-390,manatee,manatee,no,"['African', 'Water']","['african', 'water']",2
802,SIZ-390,giraffe,giraffe,no,['African'],['african'],1
803,SIZ-390,whale,whale,yes,N/A,N/A,0
804,SIZ-390,bird,bird,yes,N/A,N/A,0
805,SIZ-390,chimp,chimpanzee,no,"['African', 'Primates']","['african', 'primate']",2
806,SIZ-390,monkey,monkey,yes,N/A,N/A,0
807,SKE-234,lion,lion,yes,N/A,N/A,0
808,SKE-234,cheetah,cheetah,no,"['African', 'Feline']","['african', 'feline']",2
809,SKE-234,rhino,rhinoceros,yes,N/A,N/A,0
810,SKE-234,zebra,zebra,yes,N/A,N/A,0
811,SKE-234,giraffe,giraffe,no,['African'],['african'],1
812,SKE-234,gorilla,gorilla,yes,N/A,N/A,0
813,SKE-234,monkey,monkey,yes,N/A,N/A,0
814,SKE-234,penguin,penguin,yes,N/A,N/A,0
815,SKE-234,polar,polar,yes,N/A,N/A,0
816,SKE-234,seal,seal,yes,N/A,N/A,0
817,SKE-234,killer,killer,yes,N/A,N/A,0
818,SKE-234,dolphin,dolphin,yes,N/A,N/A,0
819,SKE-234,shark,shark,yes,N/A,N/A,0
820,SKE-234,wolf,wolf,yes,N/A,N/A,0
821,SKE-234,coyote,coyote,yes,N/A,N/A,0
822,SKE-234,squirrel,squirrel,yes,N/A,N/A,0
823,SKE-234,chipmunk,chipmunk,yes,N/A,N/A,0
824,SKE-234,owl,owl,yes,N/A,N/A,0
825,SKE-234,eagle,eagle,yes,N/A,N/A,0
826,SKE-234,dog,dog,yes,N/A,N/A,0
827,SKE-234,cat,cat,yes,N/A,N/A,0
828,SKE-234,pig,pig,yes,N/A,N/A,0
829,SKE-234,horse,horse,yes,N/A,N/A,0
830,SKE-234,cow,cow,yes,N/A,N/A,0
831,SKE-234,chicken,chicken,yes,N/A,N/A,0
832,SKE-234,rooster,rooster,yes,N/A,N/A,0
833,SKE-234,duck,duck,yes,N/A,N/A,0
834,SKE-234,sheep,sheep,yes,N/A,N/A,0
835,SMK-401,dog,dog,yes,N/A,N/A,0
836,SMK-401,cat,cat,yes,N/A,N/A,0
837,SMK-401,giraffe,giraffe,no,['African'],['african'],1
838,SMK-401,monkey,monkey,yes,N/A,N/A,0
839,SMK-401,dolphin,dolphin,yes,N/A,N/A,0
840,SMK-401,fish,fish,yes,N/A,N/A,0
841,SMK-401,goldfish,goldfish,yes,N/A,N/A,0
842,SMK-401,shark,shark,yes,N/A,N/A,0
843,SMK-401,deer,deer,yes,N/A,N/A,0
844,SMK-401,buck,buck,yes,N/A,N/A,0
845,SMK-401,squirrel,squirrel,yes,N/A,N/A,0
846,SMK-401,raccoon,raccoon,no,['NorthAmerican'],['american'],1
847,SMK-401,beaver,beaver,yes,N/A,N/A,0
848,SMK-401,bird,bird,yes,N/A,N/A,0
849,SMK-401,eagle,eagle,yes,N/A,N/A,0
850,SMK-401,tiger,tiger,yes,N/A,N/A,0
851,SMK-401,cheetah,cheetah,no,"['African', 'Feline']","['african', 'feline']",2
852,SMK-401,lion,lion,yes,N/A,N/A,0
853,SMK-401,elephant,elephant,yes,N/A,N/A,0
854,SMK-401,skunk,skunk,yes,N/A,N/A,0
855,SMK-401,moose,moose,yes,N/A,N/A,0
856,SMK-401,goose,goose,yes,N/A,N/A,0
857,SMK-401,goose,goose,yes,N/A,N/A,0
858,SMK-401,turkey,turkey,yes,N/A,N/A,0
859,SNI-300,dolphin,dolphin,yes,N/A,N/A,0
860,SNI-300,killer,killer,yes,N/A,N/A,0
861,SNI-300,whale,whale,yes,N/A,N/A,0
862,SNI-300,shark,shark,yes,N/A,N/A,0
863,SNI-300,seahorse,seahorse,no,['Water'],['water'],1
864,SNI-300,penguin,penguin,yes,N/A,N/A,0
865,SNI-300,giraffe,giraffe,no,['African'],['african'],1
866,SNI-300,elephant,elephant,yes,N/A,N/A,0
867,SNI-300,alligator,alligator,yes,N/A,N/A,0
868,SNI-300,lizard,lizard,yes,N/A,N/A,0
869,SNI-300,bobcat,bobcat,no,"['Feline', 'NorthAmerican']","['feline', 'american']",2
870,SNI-300,tiger,tiger,yes,N/A,N/A,0
871,SNI-300,leopard,leopard,yes,N/A,N/A,0
872,SNI-300,jaguar,jaguar,yes,N/A,N/A,0
873,SNI-300,dog,dog,yes,N/A,N/A,0
874,SNI-300,cat,cat,yes,N/A,N/A,0
875,SNI-300,parrot,parrot,yes,N/A,N/A,0
876,SNI-300,horse,horse,yes,N/A,N/A,0
877,SNR-308,panther,panther,yes,N/A,N/A,0
878,SNR-308,tiger,tiger,yes,N/A,N/A,0
879,SNR-308,bobcat,bobcat,no,"['Feline', 'NorthAmerican']","['feline', 'american']",2
880,SNR-308,dog,dog,yes,N/A,N/A,0
881,SNR-308,shepherd,shepherd,yes,N/A,N/A,0
882,SNR-308,pigeon,pigeon,yes,N/A,N/A,0
883,SNR-308,falcon,falcon,yes,N/A,N/A,0
884,SNR-308,eagle,eagle,yes,N/A,N/A,0
885,SNR-308,fox,fox,yes,N/A,N/A,0
886,SNR-308,wolf,wolf,yes,N/A,N/A,0
887,SNR-308,bear,bear,yes,N/A,N/A,0
888,SNR-308,buffalo,buffalo,yes,N/A,N/A,0
889,SNR-308,koala,koala,no,['Australian'],['australian'],1
890,SNR-308,polar,polar,yes,N/A,N/A,0
891,SNR-308,penguin,penguin,yes,N/A,N/A,0
892,SNR-308,kitten,kitten,yes,N/A,N/A,0
893,SNT-310,penguin,penguin,yes,N/A,N/A,0
894,SNT-310,elephant,elephant,yes,N/A,N/A,0
895,SNT-310,zebra,zebra,yes,N/A,N/A,0
896,SNT-310,flamingo,flamingo,no,['Bird'],['bird'],1
897,SNT-310,frog,frog,yes,N/A,N/A,0
898,SNT-310,dog,dog,yes,N/A,N/A,0
899,SNT-310,cat,cat,yes,N/A,N/A,0
900,SNT-310,bird,bird,yes,N/A,N/A,0
901,SNT-310,pigeon,pigeon,yes,N/A,N/A,0
902,SNT-310,seagull,seagull,no,['Bird'],['bird'],1
903,SNT-310,pig,pig,yes,N/A,N/A,0
904,SNT-310,cow,cow,yes,N/A,N/A,0
905,SNT-310,horse,horse,yes,N/A,N/A,0
906,SNT-310,armadillo,armadillo,no,['Insectivores'],['insect'],1
907,SNT-310,squirrel,squirrel,yes,N/A,N/A,0
908,SNT-310,mouse,mouse,yes,N/A,N/A,0
909,SNT-310,skunk,skunk,yes,N/A,N/A,0
910,SNT-310,raccoon,raccoon,no,['NorthAmerican'],['american'],1
911,SNT-310,fox,fox,yes,N/A,N/A,0
912,SNT-310,bear,bear,yes,N/A,N/A,0
913,SNT-310,lion,lion,yes,N/A,N/A,0
914,SNT-310,tiger,tiger,yes,N/A,N/A,0
915,SNT-310,panther,panther,yes,N/A,N/A,0
916,SNT-310,cougar,cougar,yes,N/A,N/A,0
917,SNT-310,moose,moose,yes,N/A,N/A,0
918,SNT-310,caribou,caribou,yes,N/A,N/A,0
919,SNT-310,deer,deer,yes,N/A,N/A,0
920,SNV-312,cat,cat,yes,N/A,N/A,0
921,SNV-312,dog,dog,yes,N/A,N/A,0
922,SNV-312,fish,fish,yes,N/A,N/A,0
923,SNV-312,turtle,turtle,yes,N/A,N/A,0
924,SNV-312,bird,bird,yes,N/A,N/A,0
925,SNV-312,alligator,alligator,yes,N/A,N/A,0
926,SNV-312,tiger,tiger,yes,N/A,N/A,0
927,SNV-312,lion,lion,yes,N/A,N/A,0
928,SNV-312,monkey,monkey,yes,N/A,N/A,0
929,SNV-312,giraffe,giraffe,no,['African'],['african'],1
930,SNV-312,elephant,elephant,yes,N/A,N/A,0
931,SNV-312,snake,snake,yes,N/A,N/A,0
932,SNV-312,frog,frog,yes,N/A,N/A,0
933,SNV-312,worm,worm,yes,N/A,N/A,0
934,SNV-312,bear,bear,yes,N/A,N/A,0
935,SNV-312,wolf,wolf,yes,N/A,N/A,0
936,SNV-312,kangaroo,kangaroo,yes,N/A,N/A,0
937,SNV-312,octopus,octopus,no,['Water'],['water'],1
938,SNY-315,deer,deer,yes,N/A,N/A,0
939,SNY-315,raccoon,raccoon,no,['NorthAmerican'],['american'],1
940,SNY-315,squirrel,squirrel,yes,N/A,N/A,0
941,SNY-315,possum,possum,yes,N/A,N/A,0
942,SNY-315,dog,dog,yes,N/A,N/A,0
943,SNY-315,cat,cat,yes,N/A,N/A,0
944,SNY-315,rabbit,rabbit,yes,N/A,N/A,0
945,SNY-315,zebra,zebra,yes,N/A,N/A,0
946,SNY-315,tiger,tiger,yes,N/A,N/A,0
947,SNY-315,lion,lion,yes,N/A,N/A,0
948,SNY-315,leopard,leopard,yes,N/A,N/A,0
949,SNY-315,antelope,antelope,yes,N/A,N/A,0
950,SNY-315,cougar,cougar,yes,N/A,N/A,0
951,SNY-315,bear,bear,yes,N/A,N/A,0
952,SNY-315,polar,polar,yes,N/A,N/A,0
953,SNY-315,wolf,wolf,yes,N/A,N/A,0
954,SNY-315,sheep,sheep,yes,N/A,N/A,0
955,SNY-315,goat,goat,yes,N/A,N/A,0
956,SNY-315,cow,cow,yes,N/A,N/A,0
957,SNY-315,horse,horse,yes,N/A,N/A,0
958,SOA-317,lion,lion,yes,N/A,N/A,0
959,SOA-317,tiger,tiger,yes,N/A,N/A,0
960,SOA-317,giraffe,giraffe,no,['African'],['african'],1
961,SOA-317,zebra,zebra,yes,N/A,N/A,0
962,SOA-317,monkey,monkey,yes,N/A,N/A,0
963,SOA-317,parrot,parrot,yes,N/A,N/A,0
964,SOA-317,goat,goat,yes,N/A,N/A,0
965,SOE-320,chicken,chicken,yes,N/A,N/A,0
966,SOE-320,goat,goat,yes,N/A,N/A,0
967,SOE-320,rhino,rhinoceros,yes,N/A,N/A,0
968,SOE-320,cow,cow,yes,N/A,N/A,0
969,SOE-320,horse,horse,yes,N/A,N/A,0
970,SOE-320,cat,cat,yes,N/A,N/A,0
971,SOE-320,dog,dog,yes,N/A,N/A,0
972,SOE-320,elephant,elephant,yes,N/A,N/A,0
973,SOE-320,zebra,zebra,yes,N/A,N/A,0
974,SOE-320,lion,lion,yes,N/A,N/A,0
975,SOE-320,bird,bird,yes,N/A,N/A,0
976,SOE-320,panda,panda,no,['Asian'],['asian'],1
977,SOE-320,polar,polar,yes,N/A,N/A,0
978,SOQ-329,ant,ant,yes,N/A,N/A,0
979,SOQ-329,anteater,anteater,no,['Insectivores'],['insect'],1
980,SOQ-329,giraffe,giraffe,no,['African'],['african'],1
981,SOQ-329,elephant,elephant,yes,N/A,N/A,0
982,SOQ-329,lion,lion,yes,N/A,N/A,0
983,SOQ-329,tiger,tiger,yes,N/A,N/A,0
984,SOQ-329,dog,dog,yes,N/A,N/A,0
985,SOQ-329,cat,cat,yes,N/A,N/A,0
986,SOQ-329,fish,fish,yes,N/A,N/A,0
987,SOQ-329,monkey,monkey,yes,N/A,N/A,0
988,SOQ-329,hippo,hippopotamus,yes,N/A,N/A,0
989,SOQ-329,rhino,rhinoceros,yes,N/A,N/A,0
990,SOQ-329,ape,ape,yes,N/A,N/A,0
991,SOQ-329,shark,shark,yes,N/A,N/A,0
992,SOQ-329,dolphin,dolphin,yes,N/A,N/A,0
993,SOQ-329,seal,seal,yes,N/A,N/A,0
994,SOQ-329,polar,polar,yes,N/A,N/A,0
995,SOQ-329,bear,bear,yes,N/A,N/A,0
996,SOQ-329,bird,bird,yes,N/A,N/A,0
997,SOQ-329,crane,crane,yes,N/A,N/A,0
998,SOQ-329,swan,swan,yes,N/A,N/A,0
999,SOQ-329,pigeon,pigeon,yes,N/A,N/A,0
1000,SOQ-329,dragonfly,dragonfly,no,['Insects'],['insects'],1
1001,SOX-335,tiger,tiger,yes,N/A,N/A,0
1002,SOX-335,lion,lion,yes,N/A,N/A,0
1003,SOX-335,elephant,elephant,yes,N/A,N/A,0
1004,SOX-335,sealion,sealion,no,['Water'],['water'],1
1005,SOX-335,dolphin,dolphin,yes,N/A,N/A,0
1006,SOX-335,catfish,catfish,no,['Fish'],['fish'],1
1007,SOX-335,penguin,penguin,yes,N/A,N/A,0
1008,SOX-335,monkey,monkey,yes,N/A,N/A,0
1009,SOX-335,shark,shark,yes,N/A,N/A,0
1010,SOX-335,whale,whale,yes,N/A,N/A,0
1011,SOX-335,tigerfish,milkfish,no,"['African', 'Asian', 'Fish', 'Water']","['african', 'asian', 'fish', 'water']",4
1012,SPA-338,frog,frog,yes,N/A,N/A,0
1013,SPA-338,horse,horse,yes,N/A,N/A,0
1014,SPA-338,tiger,tiger,yes,N/A,N/A,0
1015,SPA-338,lion,lion,yes,N/A,N/A,0
1016,SPA-338,seahorse,seahorse,no,['Water'],['water'],1
1017,SPA-338,sealion,sealion,no,['Water'],['water'],1
1018,SPA-338,hippo,hippopotamus,yes,N/A,N/A,0
1019,SPA-338,dolphin,dolphin,yes,N/A,N/A,0
1020,SPA-338,shark,shark,yes,N/A,N/A,0
1021,SPA-338,fish,fish,yes,N/A,N/A,0
1022,SPA-338,zebra,zebra,yes,N/A,N/A,0
1023,SPA-338,gazelle,gazelle,yes,N/A,N/A,0
1024,SPA-338,tiger,tiger,yes,N/A,N/A,0
1025,SPA-338,alligator,alligator,yes,N/A,N/A,0
1026,SPA-338,crocodile,crocodile,yes,N/A,N/A,0
1027,SPA-338,giraffe,giraffe,no,['African'],['african'],1
1028,SPA-338,elephant,elephant,yes,N/A,N/A,0
1029,SPC-340,dog,dog,yes,N/A,N/A,0
1030,SPC-340,cat,cat,yes,N/A,N/A,0
1031,SPC-340,chicken,chicken,yes,N/A,N/A,0
1032,SPC-340,rooster,rooster,yes,N/A,N/A,0
1033,SPC-340,pig,pig,yes,N/A,N/A,0
1034,SPC-340,bird,bird,yes,N/A,N/A,0
1035,SPC-340,horse,horse,yes,N/A,N/A,0
1036,SPC-340,cow,cow,yes,N/A,N/A,0
1037,SPC-340,zebra,zebra,yes,N/A,N/A,0
1038,SPC-340,cheetah,cheetah,no,"['African', 'Feline']","['african', 'feline']",2
1039,SPC-340,leopard,leopard,yes,N/A,N/A,0
1040,SPC-340,bear,bear,yes,N/A,N/A,0
1041,SPC-340,walrus,walrus,yes,N/A,N/A,0
1042,SPC-340,seal,seal,yes,N/A,N/A,0
1043,SPC-340,dolphin,dolphin,yes,N/A,N/A,0
1044,SPC-340,giraffe,giraffe,no,['African'],['african'],1
1045,SPC-340,elephant,elephant,yes,N/A,N/A,0
1046,SPC-340,monkey,monkey,yes,N/A,N/A,0
1047,SPC-340,spider,spider,yes,N/A,N/A,0
1048,SPC-340,snake,snake,yes,N/A,N/A,0
1049,SPH-344,elephant,elephant,yes,N/A,N/A,0
1050,SPH-344,zebra,zebra,yes,N/A,N/A,0
1051,SPH-344,bird,bird,yes,N/A,N/A,0
1052,SPH-344,dog,dog,yes,N/A,N/A,0
1053,SPH-344,cat,cat,yes,N/A,N/A,0
1054,SPH-344,fish,fish,yes,N/A,N/A,0
1055,SPH-344,lion,lion,yes,N/A,N/A,0
1056,SPH-344,tiger,tiger,yes,N/A,N/A,0
1057,SPH-344,deer,deer,yes,N/A,N/A,0
1058,SPH-344,hippo,hippopotamus,yes,N/A,N/A,0
1059,SPL-436,horse,horse,yes,N/A,N/A,0
1060,SPL-436,wolf,wolf,yes,N/A,N/A,0
1061,SPL-436,dog,dog,yes,N/A,N/A,0
1062,SPL-436,cow,cow,yes,N/A,N/A,0
1063,SPL-436,hyena,hyena,yes,N/A,N/A,0
1064,SPL-436,lion,lion,yes,N/A,N/A,0
1065,SPL-436,tiger,tiger,yes,N/A,N/A,0
1066,SPL-436,bear,bear,yes,N/A,N/A,0
1067,SPL-436,cheetah,cheetah,no,"['African', 'Feline']","['african', 'feline']",2
1068,SPL-436,walrus,walrus,yes,N/A,N/A,0
1069,SPL-436,seal,seal,yes,N/A,N/A,0
1070,SPL-436,polar,polar,yes,N/A,N/A,0
1071,SPL-436,porcupine,porcupine,yes,N/A,N/A,0
1072,SPL-436,horse,horse,yes,N/A,N/A,0
1073,SPL-436,bull,bull,yes,N/A,N/A,0
1074,SPL-436,bull,bull,yes,N/A,N/A,0
1075,SPL-436,oxen,oxen,yes,N/A,N/A,0
1076,SPV-450,dog,dog,yes,N/A,N/A,0
1077,SPV-450,cat,cat,yes,N/A,N/A,0
1078,SPV-450,bird,bird,yes,N/A,N/A,0
1079,SPV-450,pig,pig,yes,N/A,N/A,0
1080,SPV-450,elephant,elephant,yes,N/A,N/A,0
1081,SPV-450,giraffe,giraffe,no,['African'],['african'],1
1082,SPV-450,alligator,alligator,yes,N/A,N/A,0
1083,SPV-450,snake,snake,yes,N/A,N/A,0
1084,SPV-450,frog,frog,yes,N/A,N/A,0
1085,SPV-450,fish,fish,yes,N/A,N/A,0
1086,SPV-450,groundhog,groundhog,no,"['Rodents', 'Weasels']","['rodents', 'weasels']",2
1087,SPV-450,boar,boar,yes,N/A,N/A,0
1088,SPV-450,lion,lion,yes,N/A,N/A,0
1089,SPV-450,tiger,tiger,yes,N/A,N/A,0
1090,SPV-450,wolf,wolf,yes,N/A,N/A,0
1091,SPV-450,coyote,coyote,yes,N/A,N/A,0
1092,SPV-450,chicken,chicken,yes,N/A,N/A,0
1093,SPV-450,rooster,rooster,yes,N/A,N/A,0
1094,SPV-450,bunny,bunny,yes,N/A,N/A,0
1095,SPX-452,cat,cat,yes,N/A,N/A,0
1096,SPX-452,dog,dog,yes,N/A,N/A,0
1097,SPX-452,dolphin,dolphin,yes,N/A,N/A,0
1098,SPX-452,shark,shark,yes,N/A,N/A,0
1099,SPX-452,alligator,alligator,yes,N/A,N/A,0
1100,SPX-452,crocodile,crocodile,yes,N/A,N/A,0
1101,SPX-452,bird,bird,yes,N/A,N/A,0
1102,SPX-452,bear,bear,yes,N/A,N/A,0
1103,SPX-452,coyote,coyote,yes,N/A,N/A,0
1104,SPX-452,wolf,wolf,yes,N/A,N/A,0
1105,SPX-452,fish,fish,yes,N/A,N/A,0
1106,SPX-452,seahorse,seahorse,no,['Water'],['water'],1
1107,SPX-452,snail,snail,yes,N/A,N/A,0
1108,SPX-452,koala,koala,no,['Australian'],['australian'],1
1109,SPX-452,panda,panda,no,['Asian'],['asian'],1
1110,SPX-452,grizzly,grizzly,yes,N/A,N/A,0
1111,SPX-452,hyena,hyena,yes,N/A,N/A,0
1112,SPX-452,snake,snake,yes,N/A,N/A,0
1113,SPX-452,frog,frog,yes,N/A,N/A,0
1114,SPX-452,toad,toad,yes,N/A,N/A,0
1115,SPX-452,lion,lion,yes,N/A,N/A,0
1116,SPX-452,leopard,leopard,yes,N/A,N/A,0
1117,SRF-483,lion,lion,yes,N/A,N/A,0
1118,SRF-483,bear,bear,yes,N/A,N/A,0
1119,SRF-483,lion,lion,yes,N/A,N/A,0
1120,SRF-483,cat,cat,yes,N/A,N/A,0
1121,SRF-483,dog,dog,yes,N/A,N/A,0
1122,SRF-483,lizard,lizard,yes,N/A,N/A,0
1123,SRF-483,bird,bird,yes,N/A,N/A,0
1124,SRF-483,falcon,falcon,yes,N/A,N/A,0
1125,SRF-483,pelican,pelican,yes,N/A,N/A,0
1126,SRF-483,warthog,warthog,no,['African'],['african'],1
1127,SRF-483,pig,pig,yes,N/A,N/A,0
1128,SRF-483,horse,horse,yes,N/A,N/A,0
1129,SRF-483,chicken,chicken,yes,N/A,N/A,0
1130,SRF-483,hog,hog,yes,N/A,N/A,0
1131,SRF-483,saber_tooth_cat,sabertoothedtiger,no,['Feline'],['feline'],1
1132,SRF-483,duck,duck,yes,N/A,N/A,0
1133,SRR-498,dog,dog,yes,N/A,N/A,0
1134,SRR-498,cat,cat,yes,N/A,N/A,0
1135,SRR-498,horse,horse,yes,N/A,N/A,0
1136,SRR-498,turtle,turtle,yes,N/A,N/A,0
1137,SRR-498,ape,ape,yes,N/A,N/A,0
1138,SRR-498,monkey,monkey,yes,N/A,N/A,0
1139,SRR-498,pony,pony,yes,N/A,N/A,0
1140,SRR-498,tiger,tiger,yes,N/A,N/A,0
1141,SRR-498,shark,shark,yes,N/A,N/A,0
1142,SRR-498,lizard,lizard,yes,N/A,N/A,0
1143,SRR-498,gecko,gecko,no,['ReptileAmphibian'],"['reptile', 'amphibious']",2
1144,SRR-498,ant,ant,yes,N/A,N/A,0
1145,SRR-498,worm,worm,yes,N/A,N/A,0
1146,SRR-498,bird,bird,yes,N/A,N/A,0
1147,SRR-498,bear,bear,yes,N/A,N/A,0
1148,SRR-498,goat,goat,yes,N/A,N/A,0
1149,SRR-498,deer,deer,yes,N/A,N/A,0
1150,SRR-498,lion,lion,yes,N/A,N/A,0
1151,SSG-520,lion,lion,yes,N/A,N/A,0
1152,SSG-520,tiger,tiger,yes,N/A,N/A,0
1153,SSG-520,flamingo,flamingo,no,['Bird'],['bird'],1
1154,SSG-520,monkey,monkey,yes,N/A,N/A,0
1155,SSG-520,whale,whale,yes,N/A,N/A,0
1156,SSG-520,fish,fish,yes,N/A,N/A,0
1157,SSG-520,shark,shark,yes,N/A,N/A,0
1158,SSG-520,panther,panther,yes,N/A,N/A,0
1159,SSG-520,cat,cat,yes,N/A,N/A,0
1160,SSG-520,dog,dog,yes,N/A,N/A,0
1161,SSG-520,snake,snake,yes,N/A,N/A,0
1162,SSG-520,turtle,turtle,yes,N/A,N/A,0
1163,SSG-520,turtle,turtle,yes,N/A,N/A,0
1164,SSG-520,crab,crab,yes,N/A,N/A,0
1165,SSG-520,squid,squid,no,['Water'],['water'],1
1166,SSG-520,octopus,octopus,no,['Water'],['water'],1
1167,SSZ-539,pig,pig,yes,N/A,N/A,0
1168,SSZ-539,cow,cow,yes,N/A,N/A,0
1169,SSZ-539,horse,horse,yes,N/A,N/A,0
1170,SSZ-539,cat,cat,yes,N/A,N/A,0
1171,SSZ-539,fish,fish,yes,N/A,N/A,0
1172,SSZ-539,dog,dog,yes,N/A,N/A,0
1173,SSZ-539,monkey,monkey,yes,N/A,N/A,0
1174,SSZ-539,alligator,alligator,yes,N/A,N/A,0
1175,SSZ-539,monkey,monkey,yes,N/A,N/A,0
1176,SSZ-539,hippo,hippopotamus,yes,N/A,N/A,0
1177,SSZ-539,dolphin,dolphin,yes,N/A,N/A,0
1178,SSZ-539,shark,shark,yes,N/A,N/A,0
1179,SSZ-539,rainbow,rainbow,yes,N/A,N/A,0
1180,SUG-544,dog,dog,yes,N/A,N/A,0
1181,SUG-544,cat,cat,yes,N/A,N/A,0
1182,SUG-544,pig,pig,yes,N/A,N/A,0
1183,SUG-544,cow,cow,yes,N/A,N/A,0
1184,SUG-544,chicken,chicken,yes,N/A,N/A,0
1185,SUG-544,elephant,elephant,yes,N/A,N/A,0
1186,SUG-544,monkey,monkey,yes,N/A,N/A,0
1187,SUG-544,fish,fish,yes,N/A,N/A,0
1188,SUG-544,giraffe,giraffe,no,['African'],['african'],1
1189,SUG-544,dolphin,dolphin,yes,N/A,N/A,0
1190,SUG-544,dolphin,dolphin,yes,N/A,N/A,0
1191,SUG-544,zebra,zebra,yes,N/A,N/A,0
1192,SUG-544,shark,shark,yes,N/A,N/A,0
1193,SUG-544,turtle,turtle,yes,N/A,N/A,0
1194,SUG-544,UNKNOWN,UNKNOWN,no,Not Animal,N/A,0
1195,SUG-544,cow,cow,yes,N/A,N/A,0
1196,SUT-556,elephant,elephant,yes,N/A,N/A,0
1197,SUT-556,giraffe,giraffe,no,['African'],['african'],1
1198,SUT-556,turtle,turtle,yes,N/A,N/A,0
1199,SUT-556,UNKNOWN,UNKNOWN,no,Not Animal,N/A,0
1200,SUT-556,zebra,zebra,yes,N/A,N/A,0
1201,SUT-556,monkey,monkey,yes,N/A,N/A,0
1202,SUT-556,dog,dog,yes,N/A,N/A,0
1203,SUT-556,cat,cat,yes,N/A,N/A,0
1204,SUT-556,lizard,lizard,yes,N/A,N/A,0
1205,SUT-556,dinosaur,dinosaur,no,"['Dinosaur', 'ReptileAmphibian']","['reptile', 'amphibious']",2
1206,SUT-556,bear,bear,yes,N/A,N/A,0
1207,SUT-556,dragon,dragon,yes,N/A,N/A,0
1208,SUT-556,horse,horse,yes,N/A,N/A,0
1209,SUT-556,pig,pig,yes,N/A,N/A,0
1210,SUT-556,cow,cow,yes,N/A,N/A,0
1211,SUT-556,bird,bird,yes,N/A,N/A,0
1212,SUV-558,lion,lion,yes,N/A,N/A,0
1213,SUV-558,zebra,zebra,yes,N/A,N/A,0
1214,SUV-558,cheetah,cheetah,no,"['African', 'Feline']","['african', 'feline']",2
1215,SUV-558,leopard,leopard,yes,N/A,N/A,0
1216,SUV-558,elephant,elephant,yes,N/A,N/A,0
1217,SUV-558,zebra,zebra,yes,N/A,N/A,0
1218,SUV-558,snake,snake,yes,N/A,N/A,0
1219,SUV-558,monkey,monkey,yes,N/A,N/A,0
1220,SUV-558,gorilla,gorilla,yes,N/A,N/A,0
1221,SUV-558,giraffe,giraffe,no,['African'],['african'],1
1222,SUV-558,tiger,tiger,yes,N/A,N/A,0
1223,SUV-558,cub,cub,yes,N/A,N/A,0
1224,SUV-558,ant,ant,yes,N/A,N/A,0
1225,SUV-558,dragon,dragon,yes,N/A,N/A,0
1226,SUV-558,zebra,zebra,yes,N/A,N/A,0
1227,SUV-558,horse,horse,yes,N/A,N/A,0
1228,SUV-558,cow,cow,yes,N/A,N/A,0
1229,SUV-558,sheep,sheep,yes,N/A,N/A,0
1230,SUV-558,chicken,chicken,yes,N/A,N/A,0
1231,SVA-563,rhino,rhinoceros,yes,N/A,N/A,0
1232,SVA-563,orangutan,orangutan,no,['Primates'],['primate'],1
1233,SVA-563,chimp,chimpanzee,no,"['African', 'Primates']","['african', 'primate']",2
1234,SVA-563,chipmunk,chipmunk,yes,N/A,N/A,0
1235,SVA-563,giraffe,giraffe,no,['African'],['african'],1
1236,SVA-563,gorilla,gorilla,yes,N/A,N/A,0
1237,SVA-563,gorilla,gorilla,yes,N/A,N/A,0
1238,SVA-563,dog,dog,yes,N/A,N/A,0
1239,SVA-563,cat,cat,yes,N/A,N/A,0
1240,SVA-563,hamster,hamster,no,"['Pets', 'Rodents']","['pets', 'rodents']",2
1241,SVA-563,fish,fish,yes,N/A,N/A,0
1242,SVA-563,frog,frog,yes,N/A,N/A,0
1243,SVA-563,snake,snake,yes,N/A,N/A,0
1244,SVA-563,caterpillar,caterpillar,yes,N/A,N/A,0
1245,SVA-563,giraffe,giraffe,no,['African'],['african'],1
1246,SVA-563,rhino,rhinoceros,yes,N/A,N/A,0
1247,SVA-563,buffalo,buffalo,yes,N/A,N/A,0
1248,SVA-563,horse,horse,yes,N/A,N/A,0
1249,SVA-563,antelope,antelope,yes,N/A,N/A,0
1250,SVA-563,deer,deer,yes,N/A,N/A,0
1251,SVA-563,sheep,sheep,yes,N/A,N/A,0
1252,SVH-570,dog,dog,yes,N/A,N/A,0
1253,SVH-570,cat,cat,yes,N/A,N/A,0
1254,SVH-570,rabbit,rabbit,yes,N/A,N/A,0
1255,SVH-570,hamster,hamster,no,"['Pets', 'Rodents']","['pets', 'rodents']",2
1256,SVH-570,gerbil,gerbil,no,"['Pets', 'Rodents']","['pets', 'rodents']",2
1257,SVH-570,guinea,guinea,yes,N/A,N/A,0
1258,SVH-570,penguin,penguin,yes,N/A,N/A,0
1259,SVH-570,giraffe,giraffe,no,['African'],['african'],1
1260,SVH-570,jaguar,jaguar,yes,N/A,N/A,0
1261,SVH-570,lion,lion,yes,N/A,N/A,0
1262,SVH-570,cheetah,cheetah,no,"['African', 'Feline']","['african', 'feline']",2
1263,SVH-570,prairie,prairie,yes,N/A,N/A,0
1264,SVH-570,gorilla,gorilla,yes,N/A,N/A,0
1265,SVH-570,elephant,elephant,yes,N/A,N/A,0
1266,SVH-570,tiger,tiger,yes,N/A,N/A,0
1267,SVY-587,tiger,tiger,yes,N/A,N/A,0
1268,SVY-587,zebra,zebra,yes,N/A,N/A,0
1269,SVY-587,giraffe,giraffe,no,['African'],['african'],1
1270,SVY-587,penguin,penguin,yes,N/A,N/A,0
1271,SVY-587,panda,panda,no,['Asian'],['asian'],1
1272,SVY-587,alligator,alligator,yes,N/A,N/A,0
1273,SVY-587,dog,dog,yes,N/A,N/A,0
1274,SVY-587,cat,cat,yes,N/A,N/A,0
1275,SVY-587,lizard,lizard,yes,N/A,N/A,0
1276,SVY-587,gecko,gecko,no,['ReptileAmphibian'],"['reptile', 'amphibious']",2
1277,SVY-587,crab,crab,yes,N/A,N/A,0
1278,SVY-587,octopus,octopus,no,['Water'],['water'],1
1279,SVY-587,jellyfish,jellyfish,yes,N/A,N/A,0
1280,SVY-587,turtle,turtle,yes,N/A,N/A,0
1281,SVY-587,bird,bird,yes,N/A,N/A,0
1282,SVY-587,chick,chick,yes,N/A,N/A,0
1283,SVY-587,hen,hen,yes,N/A,N/A,0
1284,SVY-587,rooster,rooster,yes,N/A,N/A,0
1285,SVY-587,crow,crow,yes,N/A,N/A,0
1286,SZA-781,cat,cat,yes,N/A,N/A,0
1287,SZA-781,dog,dog,yes,N/A,N/A,0
1288,SZA-781,pig,pig,yes,N/A,N/A,0
1289,SZA-781,cow,cow,yes,N/A,N/A,0
1290,SZA-781,chicken,chicken,yes,N/A,N/A,0
1291,SZA-781,rooster,rooster,yes,N/A,N/A,0
1292,SZA-781,frog,frog,yes,N/A,N/A,0
1293,SZA-781,snake,snake,yes,N/A,N/A,0
1294,SZA-781,lizard,lizard,yes,N/A,N/A,0
1295,SZA-781,iguana,iguana,no,['ReptileAmphibian'],"['reptile', 'amphibious']",2
1296,SZA-781,badger,badger,yes,N/A,N/A,0
1297,SZA-781,bulldog,bulldog,yes,N/A,N/A,0
1298,SZA-781,puppy,puppy,yes,N/A,N/A,0
1299,SZA-781,kitten,kitten,yes,N/A,N/A,0
1300,SZA-781,goose,goose,yes,N/A,N/A,0
1301,SZA-781,duck,duck,yes,N/A,N/A,0
1302,SZA-781,wolf,wolf,yes,N/A,N/A,0
